index,tx_item1,tx_price1,tx_item2,tx_price2,expected_action1,expected_action2,rx_index,rx_item1,rx_action1,rx_item2,rx_action2,rx_reserved,action1_correct,action2_correct,packet_correct,status,latency_us
0,0x11,60957,0x22,45024,IGNORED,IGNORED,0,0x11,NONE,0x22,NONE,0x0000,,,,IGNORED_WARMUP,2129.90
1,0x11,59799,0x22,56823,IGNORED,IGNORED,1,0x11,NONE,0x22,NONE,0x0000,,,,IGNORED_WARMUP,17175.50
2,0x11,9850,0x22,58489,IGNORED,IGNORED,2,0x11,NONE,0x22,NONE,0x0000,,,,IGNORED_WARMUP,16849.40
3,0x11,48808,0x22,10112,IGNORED,IGNORED,3,0x11,NONE,0x22,NONE,0x0000,,,,IGNORED_WARMUP,17024.00
4,0x11,5883,0x22,36300,IGNORED,IGNORED,4,0x11,NONE,0x22,NONE,0x0000,,,,IGNORED_WARMUP,16869.40
5,0x11,36735,0x22,3111,IGNORED,IGNORED,5,0x11,NONE,0x22,NONE,0x0000,,,,IGNORED_WARMUP,16977.70
6,0x11,15804,0x22,62655,IGNORED,IGNORED,6,0x11,NONE,0x22,NONE,0x0000,,,,IGNORED_WARMUP,16846.50
7,0x11,46821,0x22,2780,IGNORED,IGNORED,7,0x11,NONE,0x22,NONE,0x0000,,,,IGNORED_WARMUP,17047.40
8,0x11,35590,0x22,29591,IGNORED,IGNORED,8,0x11,NONE,0x22,NONE,0x0000,,,,IGNORED_WARMUP,16954.70
9,0x11,46652,0x22,11036,IGNORED,IGNORED,9,0x11,NONE,0x22,NONE,0x0000,,,,IGNORED_WARMUP,17069.90
10,0x11,39129,0x22,26831,IGNORED,IGNORED,10,0x11,NONE,0x22,NONE,0x0000,,,,IGNORED_WARMUP,17006.70
11,0x11,33128,0x22,8007,IGNORED,IGNORED,11,0x11,NONE,0x22,NONE,0x0000,,,,IGNORED_WARMUP,16860.00
12,0x11,7736,0x22,58842,IGNORED,IGNORED,12,0x11,NONE,0x22,NONE,0x0000,,,,IGNORED_WARMUP,16999.10
13,0x11,32397,0x22,37237,IGNORED,IGNORED,13,0x11,NONE,0x22,NONE,0x0000,,,,IGNORED_WARMUP,16922.80
14,0x11,35339,0x22,2904,IGNORED,IGNORED,14,0x11,NONE,0x22,NONE,0x0000,,,,IGNORED_WARMUP,16806.70
15,0x11,57705,0x22,39553,IGNORED,IGNORED,15,0x11,NONE,0x22,NONE,0x0000,,,,IGNORED_WARMUP,17034.80
16,0x11,52981,0x22,64932,NONE,NONE,16,0x11,NONE,0x22,NONE,0x0000,YES,YES,YES,CORRECT,17123.00
17,0x11,54359,0x22,15692,NONE,SELL,17,0x11,NONE,0x22,SELL,0x0000,YES,YES,YES,CORRECT,16827.50
18,0x22,41575,0x11,4296,BUY,SELL,18,0x22,BUY,0x11,SELL,0x0000,YES,YES,YES,CORRECT,17121.00
19,0x11,10336,0x22,55531,SELL,BUY,19,0x11,SELL,0x22,BUY,0x0000,YES,YES,YES,CORRECT,16891.10
20,0x11,16721,0x22,38152,SELL,BUY,20,0x11,SELL,0x22,BUY,0x0000,YES,YES,YES,CORRECT,16879.50
21,0x22,25737,0x11,23215,SELL,SELL,21,0x22,SELL,0x11,SELL,0x0000,YES,YES,YES,CORRECT,17010.80
22,0x11,4936,0x22,29688,SELL,SELL,22,0x11,SELL,0x22,SELL,0x0000,YES,YES,YES,CORRECT,16966.40
23,0x11,14036,0x22,63022,SELL,BUY,23,0x11,SELL,0x22,BUY,0x0000,YES,YES,YES,CORRECT,16915.00
24,0x22,3579,0x11,47587,SELL,BUY,24,0x22,SELL,0x11,BUY,0x0000,YES,YES,YES,CORRECT,16870.50
25,0x11,39554,0x22,52334,BUY,BUY,25,0x11,BUY,0x22,BUY,0x0000,YES,YES,YES,CORRECT,17141.70
26,0x22,41736,0x11,14046,BUY,SELL,26,0x22,BUY,0x11,SELL,0x0000,YES,YES,YES,CORRECT,16823.80
27,0x11,9969,0x22,15538,SELL,SELL,27,0x11,SELL,0x22,SELL,0x0000,YES,YES,YES,CORRECT,16922.60
28,0x11,9630,0x22,9591,SELL,SELL,28,0x11,SELL,0x22,SELL,0x0000,YES,YES,YES,CORRECT,16858.70
29,0x11,53389,0x22,4578,BUY,SELL,29,0x11,BUY,0x22,SELL,0x0000,YES,YES,YES,CORRECT,17011.00
30,0x22,23060,0x11,3129,SELL,SELL,30,0x22,SELL,0x11,SELL,0x0000,YES,YES,YES,CORRECT,16833.20
31,0x11,45910,0x22,45288,BUY,BUY,31,0x11,BUY,0x22,BUY,0x0000,YES,YES,YES,CORRECT,17128.30
32,0x11,12270,0x22,8201,SELL,SELL,32,0x11,SELL,0x22,SELL,0x0000,YES,YES,YES,CORRECT,16842.60
33,0x11,57480,0x22,62519,BUY,BUY,33,0x11,BUY,0x22,BUY,0x0000,YES,YES,YES,CORRECT,16998.50
34,0x11,22978,0x22,17602,SELL,SELL,34,0x11,SELL,0x22,SELL,0x0000,YES,YES,YES,CORRECT,17130.80
35,0x22,40365,0x11,37114,BUY,BUY,35,0x22,BUY,0x11,BUY,0x0000,YES,YES,YES,CORRECT,16974.00
36,0x22,49030,0x11,59014,BUY,BUY,36,0x22,BUY,0x11,BUY,0x0000,YES,YES,YES,CORRECT,16682.50
37,0x22,10255,0x11,19295,SELL,SELL,37,0x22,SELL,0x11,SELL,0x0000,YES,YES,YES,CORRECT,16983.50
38,0x11,14747,0x22,25687,SELL,SELL,38,0x11,SELL,0x22,SELL,0x0000,YES,YES,YES,CORRECT,16985.10
39,0x22,1578,0x11,58495,SELL,BUY,39,0x22,SELL,0x11,BUY,0x0000,YES,YES,YES,CORRECT,16979.00
40,0x11,58641,0x22,54784,BUY,BUY,40,0x11,BUY,0x22,BUY,0x0000,YES,YES,YES,CORRECT,16986.90
41,0x11,38933,0x22,24343,BUY,SELL,41,0x11,BUY,0x22,SELL,0x0000,YES,YES,YES,CORRECT,17022.60
42,0x22,59648,0x11,29115,BUY,SELL,42,0x22,BUY,0x11,SELL,0x0000,YES,YES,YES,CORRECT,17028.20
43,0x11,24658,0x22,24162,SELL,SELL,43,0x11,SELL,0x22,SELL,0x0000,YES,YES,YES,CORRECT,16868.80
44,0x11,26033,0x22,27364,SELL,SELL,44,0x11,SELL,0x22,SELL,0x0000,YES,YES,YES,CORRECT,16904.00
45,0x11,34520,0x22,38386,BUY,BUY,45,0x11,BUY,0x22,BUY,0x0000,YES,YES,YES,CORRECT,17104.40
46,0x22,55260,0x11,4750,BUY,SELL,46,0x22,BUY,0x11,SELL,0x0000,YES,YES,YES,CORRECT,16951.50
47,0x22,21761,0x11,58450,SELL,BUY,47,0x22,SELL,0x11,BUY,0x0000,YES,YES,YES,CORRECT,16950.80
48,0x22,45680,0x11,15390,BUY,SELL,48,0x22,BUY,0x11,SELL,0x0000,YES,YES,YES,CORRECT,16918.40
49,0x11,4640,0x22,10379,SELL,SELL,49,0x11,SELL,0x22,SELL,0x0000,YES,YES,YES,CORRECT,16745.40
50,0x22,8791,0x11,42882,SELL,BUY,50,0x22,SELL,0x11,BUY,0x0000,YES,YES,YES,CORRECT,17032.40
51,0x11,43602,0x22,3259,BUY,SELL,51,0x11,BUY,0x22,SELL,0x0000,YES,YES,YES,CORRECT,16904.90
52,0x11,43206,0x22,41019,BUY,BUY,52,0x11,BUY,0x22,BUY,0x0000,YES,YES,YES,CORRECT,16932.00
53,0x11,31233,0x22,40145,SELL,BUY,53,0x11,SELL,0x22,BUY,0x0000,YES,YES,YES,CORRECT,17022.10
54,0x22,13445,0x11,51221,SELL,BUY,54,0x22,SELL,0x11,BUY,0x0000,YES,YES,YES,CORRECT,16847.00
55,0x22,64662,0x11,59146,BUY,BUY,55,0x22,BUY,0x11,BUY,0x0000,YES,YES,YES,CORRECT,17062.20
56,0x11,51046,0x22,46231,BUY,BUY,56,0x11,BUY,0x22,BUY,0x0000,YES,YES,YES,CORRECT,16970.10
57,0x11,33049,0x22,37095,SELL,BUY,57,0x11,SELL,0x22,BUY,0x0000,YES,YES,YES,CORRECT,16869.30
58,0x22,36332,0x11,23491,BUY,SELL,58,0x22,BUY,0x11,SELL,0x0000,YES,YES,YES,CORRECT,17022.20
59,0x11,39708,0x22,11802,BUY,SELL,59,0x11,BUY,0x22,SELL,0x0000,YES,YES,YES,CORRECT,16982.70
60,0x22,1871,0x11,6235,SELL,SELL,60,0x22,SELL,0x11,SELL,0x0000,YES,YES,YES,CORRECT,16904.80
61,0x22,50312,0x11,52209,BUY,BUY,61,0x22,BUY,0x11,BUY,0x0000,YES,YES,YES,CORRECT,16794.70
62,0x11,64749,0x22,3805,BUY,SELL,62,0x11,BUY,0x22,SELL,0x0000,YES,YES,YES,CORRECT,17188.60
63,0x22,60666,0x11,22404,BUY,SELL,63,0x22,BUY,0x11,SELL,0x0000,YES,YES,YES,CORRECT,16825.00
64,0x11,15775,0x22,59839,SELL,BUY,64,0x11,SELL,0x22,BUY,0x0000,YES,YES,YES,CORRECT,16823.20
65,0x11,44616,0x22,19740,BUY,SELL,65,0x11,BUY,0x22,SELL,0x0000,YES,YES,YES,CORRECT,17097.80
66,0x11,15673,0x22,14552,SELL,SELL,66,0x11,SELL,0x22,SELL,0x0000,YES,YES,YES,CORRECT,16850.20
67,0x11,13733,0x22,27144,SELL,SELL,67,0x11,SELL,0x22,SELL,0x0000,YES,YES,YES,CORRECT,16921.90
68,0x11,12428,0x22,18056,SELL,SELL,68,0x11,SELL,0x22,SELL,0x0000,YES,YES,YES,CORRECT,17138.10
69,0x22,6817,0x11,2026,SELL,SELL,69,0x22,SELL,0x11,SELL,0x0000,YES,YES,YES,CORRECT,16964.70
70,0x22,9010,0x11,6862,SELL,SELL,70,0x22,SELL,0x11,SELL,0x0000,YES,YES,YES,CORRECT,16882.30
71,0x22,43536,0x11,12894,BUY,SELL,71,0x22,BUY,0x11,SELL,0x0000,YES,YES,YES,CORRECT,17018.80
72,0x11,22947,0x22,9159,SELL,SELL,72,0x11,SELL,0x22,SELL,0x0000,YES,YES,YES,CORRECT,16913.10
73,0x11,56233,0x22,39947,BUY,BUY,73,0x11,BUY,0x22,BUY,0x0000,YES,YES,YES,CORRECT,16876.20
74,0x22,36310,0x11,64887,BUY,BUY,74,0x22,BUY,0x11,BUY,0x0000,YES,YES,YES,CORRECT,16923.70
75,0x11,52834,0x22,56563,BUY,BUY,75,0x11,BUY,0x22,BUY,0x0000,YES,YES,YES,CORRECT,16997.90
76,0x22,15022,0x11,52396,SELL,BUY,76,0x22,SELL,0x11,BUY,0x0000,YES,YES,YES,CORRECT,17097.30
77,0x22,1417,0x11,62045,SELL,BUY,77,0x22,SELL,0x11,BUY,0x0000,YES,YES,YES,CORRECT,16895.00
78,0x11,38533,0x22,4877,BUY,SELL,78,0x11,BUY,0x22,SELL,0x0000,YES,YES,YES,CORRECT,16827.10
79,0x11,43664,0x22,29555,BUY,BUY,79,0x11,BUY,0x22,BUY,0x0000,YES,YES,YES,CORRECT,16837.60
80,0x22,31680,0x11,21710,BUY,SELL,80,0x22,BUY,0x11,SELL,0x0000,YES,YES,YES,CORRECT,17005.60
81,0x11,61140,0x22,13966,BUY,SELL,81,0x11,BUY,0x22,SELL,0x0000,YES,YES,YES,CORRECT,17115.60
82,0x22,52372,0x11,64259,BUY,BUY,82,0x22,BUY,0x11,BUY,0x0000,YES,YES,YES,CORRECT,16951.90
83,0x11,34321,0x22,6351,SELL,SELL,83,0x11,SELL,0x22,SELL,0x0000,YES,YES,YES,CORRECT,16858.90
84,0x11,14730,0x22,36341,SELL,BUY,84,0x11,SELL,0x22,BUY,0x0000,YES,YES,YES,CORRECT,16919.80
85,0x22,31470,0x11,44968,BUY,BUY,85,0x22,BUY,0x11,BUY,0x0000,YES,YES,YES,CORRECT,16803.40
86,0x22,57598,0x11,55951,BUY,BUY,86,0x22,BUY,0x11,BUY,0x0000,YES,YES,YES,CORRECT,17107.70
87,0x22,15303,0x11,34533,SELL,SELL,87,0x22,SELL,0x11,SELL,0x0000,YES,YES,YES,CORRECT,16898.30
88,0x22,31454,0x11,4694,BUY,SELL,88,0x22,BUY,0x11,SELL,0x0000,YES,YES,YES,CORRECT,16967.50
89,0x11,50346,0x22,29129,BUY,BUY,89,0x11,BUY,0x22,BUY,0x0000,YES,YES,YES,CORRECT,16908.80
90,0x11,15133,0x22,64160,SELL,BUY,90,0x11,SELL,0x22,BUY,0x0000,YES,YES,YES,CORRECT,17013.10
91,0x22,51112,0x11,39227,BUY,SELL,91,0x22,BUY,0x11,SELL,0x0000,YES,YES,YES,CORRECT,17052.40
92,0x22,34637,0x11,22712,BUY,SELL,92,0x22,BUY,0x11,SELL,0x0000,YES,YES,YES,CORRECT,16819.30
93,0x22,46611,0x11,31629,BUY,SELL,93,0x22,BUY,0x11,SELL,0x0000,YES,YES,YES,CORRECT,17017.70
94,0x22,50354,0x11,10621,BUY,SELL,94,0x22,BUY,0x11,SELL,0x0000,YES,YES,YES,CORRECT,16876.90
95,0x22,47725,0x11,44289,BUY,BUY,95,0x22,BUY,0x11,BUY,0x0000,YES,YES,YES,CORRECT,16858.40
96,0x22,39649,0x11,39232,BUY,BUY,96,0x22,BUY,0x11,BUY,0x0000,YES,YES,YES,CORRECT,17106.90
97,0x22,59066,0x11,63377,BUY,BUY,97,0x22,BUY,0x11,BUY,0x0000,YES,YES,YES,CORRECT,17015.80
98,0x11,59466,0x22,54907,BUY,BUY,98,0x11,BUY,0x22,BUY,0x0000,YES,YES,YES,CORRECT,16982.40
99,0x22,32365,0x11,17294,SELL,SELL,99,0x22,SELL,0x11,SELL,0x0000,YES,YES,YES,CORRECT,17039.40
